Threshold,High-Risk Patients,Expected Savings
0.05,1500,12165.0
0.1,3000,24330.0
0.15000000000000002,4500,36495.00000000001
0.2,6000,48660.0
